﻿{"cameraMode":{"drawMode":0,"name":"Shaded","section":"Shading Mode"},"sceneLighting":true,"audioPlay":false,"sceneViewState":{"showFog":true,"showMaterialUpdate":true,"showSkybox":true,"showFlares":true,"showImageEffects":true,"showParticleSystems":true},"in2DMode":false,"pivot":{"x":4.4422760009765629,"y":14.63621711730957,"z":6.913334369659424},"rotation":{"x":-0.007884434424340725,"y":0.8732144832611084,"z":0.014140411280095578,"w":0.4870671033859253},"size":92.74207305908203,"orthographic":false}